image_id,edited_name,image_path_flutter,image_path_vue,original_name,product_id
1,f0d1e5ab-9293-4087-a8bc-d68a069cfa0cproduct1_1.jpg,C:\Eddi-T1\flutter\buy_idea\assets\product\,C:\Eddi-T1\vue\frontend\src\assets\productImg\,product1_1.jpg,1
2,fe623db4-41f7-462d-878e-c06bda8efcbeproduct1_2.jpg,C:\Eddi-T1\flutter\buy_idea\assets\product\,C:\Eddi-T1\vue\frontend\src\assets\productImg\,product1_2.jpg,1
3,1350c1f2-9ad3-4717-83bf-951ecc8f9042product1_3.jpg,C:\Eddi-T1\flutter\buy_idea\assets\product\,C:\Eddi-T1\vue\frontend\src\assets\productImg\,product1_3.jpg,1
4,1e850bb5-0bf9-4af6-b95d-69d902c3d281product1_4.jpg,C:\Eddi-T1\flutter\buy_idea\assets\product\,C:\Eddi-T1\vue\frontend\src\assets\productImg\,product1_4.jpg,1
5,01119c6f-b90a-4b6e-aa5a-04a9355d0a73product1_5.jpg,C:\Eddi-T1\flutter\buy_idea\assets\product\,C:\Eddi-T1\vue\frontend\src\assets\productImg\,product1_5.jpg,1
6,00501b64-4500-467f-b8d6-f816b1ef28f0product1_6.jpg,C:\Eddi-T1\flutter\buy_idea\assets\product\,C:\Eddi-T1\vue\frontend\src\assets\productImg\,product1_6.jpg,1
7,748fa992-2fe3-4ec9-8412-aea3aff57514product2_1.jpg,C:\Eddi-T1\flutter\buy_idea\assets\product\,C:\Eddi-T1\vue\frontend\src\assets\productImg\,product2_1.jpg,2
8,e8fbbf7b-75d6-4430-aef4-c10445fecb2bproduct2_2.jpg,C:\Eddi-T1\flutter\buy_idea\assets\product\,C:\Eddi-T1\vue\frontend\src\assets\productImg\,product2_2.jpg,2
9,e29c321b-33d6-487e-b0dd-3bc8535aa36fproduct2_3.jpg,C:\Eddi-T1\flutter\buy_idea\assets\product\,C:\Eddi-T1\vue\frontend\src\assets\productImg\,product2_3.jpg,2
10,3f489d1c-ecf9-4089-95cb-00481f2f18e8product2_4.jpg,C:\Eddi-T1\flutter\buy_idea\assets\product\,C:\Eddi-T1\vue\frontend\src\assets\productImg\,product2_4.jpg,2
11,d0200db4-5163-4a04-941a-35e6cea77f55product2_5.jpg,C:\Eddi-T1\flutter\buy_idea\assets\product\,C:\Eddi-T1\vue\frontend\src\assets\productImg\,product2_5.jpg,2
12,78dcd221-5e43-40d1-a6d9-3146ad6a4943product2_6.jpg,C:\Eddi-T1\flutter\buy_idea\assets\product\,C:\Eddi-T1\vue\frontend\src\assets\productImg\,product2_6.jpg,2
13,69d40f4f-9671-4fab-96eb-1625dc58e48eproduct3_1.jpg,C:\Eddi-T1\flutter\buy_idea\assets\product\,C:\Eddi-T1\vue\frontend\src\assets\productImg\,product3_1.jpg,3
14,e006bffd-1a9c-466b-a00b-d242e8724aeeproduct3_2.jpg,C:\Eddi-T1\flutter\buy_idea\assets\product\,C:\Eddi-T1\vue\frontend\src\assets\productImg\,product3_2.jpg,3
15,e9f6a1f8-15ca-4573-ad4e-62e23c22aaedproduct3_3.jpg,C:\Eddi-T1\flutter\buy_idea\assets\product\,C:\Eddi-T1\vue\frontend\src\assets\productImg\,product3_3.jpg,3
16,f4bf2bdf-cb3f-45ab-b29e-a15295febf8dproduct3_4.jpg,C:\Eddi-T1\flutter\buy_idea\assets\product\,C:\Eddi-T1\vue\frontend\src\assets\productImg\,product3_4.jpg,3
17,65ce2ea2-fcc0-4ed4-ae38-c9704b092bb6product3_5.jpg,C:\Eddi-T1\flutter\buy_idea\assets\product\,C:\Eddi-T1\vue\frontend\src\assets\productImg\,product3_5.jpg,3
18,91d9c66b-755c-4e1b-84dd-ab2a14c05948자몽1.jpg,C:\Eddi-T1\flutter\buy_idea\assets\product\,C:\Eddi-T1\vue\frontend\src\assets\productImg\,자몽1.jpg,4
19,204bd068-5e83-447f-b66e-d333880f2c2d자몽2.jpg,C:\Eddi-T1\flutter\buy_idea\assets\product\,C:\Eddi-T1\vue\frontend\src\assets\productImg\,자몽2.jpg,4
20,ffe3f313-e636-4fbb-8e17-bc0143587f73자몽3.jpg,C:\Eddi-T1\flutter\buy_idea\assets\product\,C:\Eddi-T1\vue\frontend\src\assets\productImg\,자몽3.jpg,4
21,d0f57568-52c3-4178-a466-6db42c859b87자몽4.jpg,C:\Eddi-T1\flutter\buy_idea\assets\product\,C:\Eddi-T1\vue\frontend\src\assets\productImg\,자몽4.jpg,4
22,955478ab-3610-42be-b863-c029499d81b3자몽5.jpg,C:\Eddi-T1\flutter\buy_idea\assets\product\,C:\Eddi-T1\vue\frontend\src\assets\productImg\,자몽5.jpg,4
23,592e51a2-bbd8-43ef-8dfa-b4c6c04900ed자몽6.jpg,C:\Eddi-T1\flutter\buy_idea\assets\product\,C:\Eddi-T1\vue\frontend\src\assets\productImg\,자몽6.jpg,4
24,01d411b9-0bda-4720-8487-9a7f4d9fdef6자몽7.jpg,C:\Eddi-T1\flutter\buy_idea\assets\product\,C:\Eddi-T1\vue\frontend\src\assets\productImg\,자몽7.jpg,4
25,8afc3600-4ab9-4032-bd83-db48ad47b032자몽8.jpg,C:\Eddi-T1\flutter\buy_idea\assets\product\,C:\Eddi-T1\vue\frontend\src\assets\productImg\,자몽8.jpg,4
26,207d57ff-f07c-4577-957c-2ad498011aba자몽9.jpg,C:\Eddi-T1\flutter\buy_idea\assets\product\,C:\Eddi-T1\vue\frontend\src\assets\productImg\,자몽9.jpg,4
27,174fd6df-ee7b-4b7b-a795-c74c764a8a68자몽10.jpg,C:\Eddi-T1\flutter\buy_idea\assets\product\,C:\Eddi-T1\vue\frontend\src\assets\productImg\,자몽10.jpg,4
28,37f1d9c8-1200-44aa-8455-104a67b15f4dproduct4_1.jpg,C:\Eddi-T1\flutter\buy_idea\assets\product\,C:\Eddi-T1\vue\frontend\src\assets\productImg\,product4_1.jpg,5
29,883d2a84-e0b0-448b-96e9-e0cae547ae41product4_2.jpg,C:\Eddi-T1\flutter\buy_idea\assets\product\,C:\Eddi-T1\vue\frontend\src\assets\productImg\,product4_2.jpg,5
30,f6411ca0-1ccd-4a16-bf64-ec004f4366d6product4_3.jpg,C:\Eddi-T1\flutter\buy_idea\assets\product\,C:\Eddi-T1\vue\frontend\src\assets\productImg\,product4_3.jpg,5
31,d9a46d6f-ee24-4ee1-9670-eb9898064287product5_1.jpg,C:\Eddi-T1\flutter\buy_idea\assets\product\,C:\Eddi-T1\vue\frontend\src\assets\productImg\,product5_1.jpg,6
32,69debbd6-1b0e-4726-a82c-423dc3c7d924product5_2.jpg,C:\Eddi-T1\flutter\buy_idea\assets\product\,C:\Eddi-T1\vue\frontend\src\assets\productImg\,product5_2.jpg,6
33,6e39b21d-733b-4402-af48-c7ebe1044130product5_3.jpg,C:\Eddi-T1\flutter\buy_idea\assets\product\,C:\Eddi-T1\vue\frontend\src\assets\productImg\,product5_3.jpg,6
34,d7a2463a-a014-4d0a-91dc-a9170f4d37c4product6_1.jpg,C:\Eddi-T1\flutter\buy_idea\assets\product\,C:\Eddi-T1\vue\frontend\src\assets\productImg\,product6_1.jpg,7
35,d98e6b3e-6fcf-4727-b9c0-ba87bc14d3afproduct6_2.jpg,C:\Eddi-T1\flutter\buy_idea\assets\product\,C:\Eddi-T1\vue\frontend\src\assets\productImg\,product6_2.jpg,7
36,177a6f9d-65c0-4e0d-afed-89ae2807cca2product6_3.jpg,C:\Eddi-T1\flutter\buy_idea\assets\product\,C:\Eddi-T1\vue\frontend\src\assets\productImg\,product6_3.jpg,7
37,f94c7e47-1df6-4c5d-b5e2-57615a19d7acproduct7_1.jpg,C:\Eddi-T1\flutter\buy_idea\assets\product\,C:\Eddi-T1\vue\frontend\src\assets\productImg\,product7_1.jpg,8
38,c8289a94-79da-41e2-aa1b-d537104d8e1aproduct7_2.jpg,C:\Eddi-T1\flutter\buy_idea\assets\product\,C:\Eddi-T1\vue\frontend\src\assets\productImg\,product7_2.jpg,8
39,3059738b-2b69-410b-b491-d7f0493b9447product7_3.jpg,C:\Eddi-T1\flutter\buy_idea\assets\product\,C:\Eddi-T1\vue\frontend\src\assets\productImg\,product7_3.jpg,8
40,a488ab1e-6029-4de8-b618-912ce46eb11bproduct7_4.jpg,C:\Eddi-T1\flutter\buy_idea\assets\product\,C:\Eddi-T1\vue\frontend\src\assets\productImg\,product7_4.jpg,8
41,139b16c6-5a2d-46b0-8cd2-cba896395db9product8_1.jpg,C:\Eddi-T1\flutter\buy_idea\assets\product\,C:\Eddi-T1\vue\frontend\src\assets\productImg\,product8_1.jpg,9
42,7d21ca19-97b1-431b-ace1-5ac1cb3ebf76product8_2.jpg,C:\Eddi-T1\flutter\buy_idea\assets\product\,C:\Eddi-T1\vue\frontend\src\assets\productImg\,product8_2.jpg,9
43,c0ddbcd9-af39-4b85-84d1-6d1738dbf134product8_3.jpg,C:\Eddi-T1\flutter\buy_idea\assets\product\,C:\Eddi-T1\vue\frontend\src\assets\productImg\,product8_3.jpg,9
44,0199f274-412d-4fae-b1f7-cd80c5fcef51product8_4.jpg,C:\Eddi-T1\flutter\buy_idea\assets\product\,C:\Eddi-T1\vue\frontend\src\assets\productImg\,product8_4.jpg,9
45,32d951c4-3775-431c-8eb3-cec323bba0d0product8_5.jpg,C:\Eddi-T1\flutter\buy_idea\assets\product\,C:\Eddi-T1\vue\frontend\src\assets\productImg\,product8_5.jpg,9
46,769dca3e-2bd2-492a-8ded-e762d4f174e7product8_6.jpg,C:\Eddi-T1\flutter\buy_idea\assets\product\,C:\Eddi-T1\vue\frontend\src\assets\productImg\,product8_6.jpg,9
47,34e4014e-f4d0-4ec0-ac25-f7d4345b03ceproduct9_1.jpg,C:\Eddi-T1\flutter\buy_idea\assets\product\,C:\Eddi-T1\vue\frontend\src\assets\productImg\,product9_1.jpg,10
48,842dbf3e-6449-4f08-b5cf-050beba16326product9_2.jpg,C:\Eddi-T1\flutter\buy_idea\assets\product\,C:\Eddi-T1\vue\frontend\src\assets\productImg\,product9_2.jpg,10
49,e09b3def-6bec-4355-8b1c-deadf688b8baproduct9_3.jpg,C:\Eddi-T1\flutter\buy_idea\assets\product\,C:\Eddi-T1\vue\frontend\src\assets\productImg\,product9_3.jpg,10
50,9a812115-bdd6-4002-a419-90faf4188faaproduct9_4.jpg,C:\Eddi-T1\flutter\buy_idea\assets\product\,C:\Eddi-T1\vue\frontend\src\assets\productImg\,product9_4.jpg,10
51,eab3ae43-12a2-4f94-ae21-c538de958b9dproduct9_5.jpg,C:\Eddi-T1\flutter\buy_idea\assets\product\,C:\Eddi-T1\vue\frontend\src\assets\productImg\,product9_5.jpg,10
52,64a4670d-1765-45b4-a802-174ac8517c6aproduct9_6.jpg,C:\Eddi-T1\flutter\buy_idea\assets\product\,C:\Eddi-T1\vue\frontend\src\assets\productImg\,product9_6.jpg,10
53,ee378894-4f70-45b7-b68e-f56e02b49bacproduct10_1.jpg,C:\Eddi-T1\flutter\buy_idea\assets\product\,C:\Eddi-T1\vue\frontend\src\assets\productImg\,product10_1.jpg,11
54,fd7fe628-c0f1-48d7-a974-f690af74d9c6product10_2.jpg,C:\Eddi-T1\flutter\buy_idea\assets\product\,C:\Eddi-T1\vue\frontend\src\assets\productImg\,product10_2.jpg,11
55,0603baf7-4299-419d-a85f-dba71cfb2ea6product10_3.jpg,C:\Eddi-T1\flutter\buy_idea\assets\product\,C:\Eddi-T1\vue\frontend\src\assets\productImg\,product10_3.jpg,11
56,6b6bdfa1-f1d5-457d-acf4-b506f84d02ddproduct10_4.jpg,C:\Eddi-T1\flutter\buy_idea\assets\product\,C:\Eddi-T1\vue\frontend\src\assets\productImg\,product10_4.jpg,11
57,8e3f9cf7-8e87-42ae-bf2a-bb84eca9aa65product10_5.jpg,C:\Eddi-T1\flutter\buy_idea\assets\product\,C:\Eddi-T1\vue\frontend\src\assets\productImg\,product10_5.jpg,11
58,a21bbab6-a7aa-4e05-9bb0-7dac13b1aa46product10_6.jpg,C:\Eddi-T1\flutter\buy_idea\assets\product\,C:\Eddi-T1\vue\frontend\src\assets\productImg\,product10_6.jpg,11
59,a4b30b18-fe85-40dc-9f91-9d85312c6dbeproduct10_7.jpg,C:\Eddi-T1\flutter\buy_idea\assets\product\,C:\Eddi-T1\vue\frontend\src\assets\productImg\,product10_7.jpg,11
60,2a92f023-f332-4958-adf8-713a9adfd55fproduct10_8.jpg,C:\Eddi-T1\flutter\buy_idea\assets\product\,C:\Eddi-T1\vue\frontend\src\assets\productImg\,product10_8.jpg,11
61,1ce981d1-fb90-4667-839d-6fe957fdbbc1product11_1.jpg,C:\Eddi-T1\flutter\buy_idea\assets\product\,C:\Eddi-T1\vue\frontend\src\assets\productImg\,product11_1.jpg,12
62,0c6ba407-f351-4542-b978-9cb9d618d232product11_2.jpg,C:\Eddi-T1\flutter\buy_idea\assets\product\,C:\Eddi-T1\vue\frontend\src\assets\productImg\,product11_2.jpg,12
63,5a933e07-e8c4-425c-af71-10b27b13e6e1product11_3.jpg,C:\Eddi-T1\flutter\buy_idea\assets\product\,C:\Eddi-T1\vue\frontend\src\assets\productImg\,product11_3.jpg,12
64,c6a81d12-4a2d-42b3-b7ac-5c5dbd87f2a1product11_4.jpg,C:\Eddi-T1\flutter\buy_idea\assets\product\,C:\Eddi-T1\vue\frontend\src\assets\productImg\,product11_4.jpg,12
65,3e0d96d8-5dd9-4ab7-b95c-84cb40286c62product11_5.jpg,C:\Eddi-T1\flutter\buy_idea\assets\product\,C:\Eddi-T1\vue\frontend\src\assets\productImg\,product11_5.jpg,12
66,72eea436-18ed-40cb-8785-1af4f2d03d5aproduct12_1.jpg,C:\Eddi-T1\flutter\buy_idea\assets\product\,C:\Eddi-T1\vue\frontend\src\assets\productImg\,product12_1.jpg,13
67,0f846930-a74b-4b3a-84a4-b2d9948f4de7product12_2.jpg,C:\Eddi-T1\flutter\buy_idea\assets\product\,C:\Eddi-T1\vue\frontend\src\assets\productImg\,product12_2.jpg,13
68,cc8fa6b9-e280-4412-b6f5-fa75084676d0product12_3.jpg,C:\Eddi-T1\flutter\buy_idea\assets\product\,C:\Eddi-T1\vue\frontend\src\assets\productImg\,product12_3.jpg,13
69,0a02191c-5c0b-42b1-994e-e3da994b633fproduct12_4.jpg,C:\Eddi-T1\flutter\buy_idea\assets\product\,C:\Eddi-T1\vue\frontend\src\assets\productImg\,product12_4.jpg,13
70,5eb111b5-a86a-431e-8227-de7a4dab1eecproduct12_5.jpg,C:\Eddi-T1\flutter\buy_idea\assets\product\,C:\Eddi-T1\vue\frontend\src\assets\productImg\,product12_5.jpg,13
71,05dfe85c-8872-485c-9588-72fc25b1b43dproduct12_6.jpg,C:\Eddi-T1\flutter\buy_idea\assets\product\,C:\Eddi-T1\vue\frontend\src\assets\productImg\,product12_6.jpg,13
72,65975270-8460-444a-b2f7-db3d46a658e7product12_7.jpg,C:\Eddi-T1\flutter\buy_idea\assets\product\,C:\Eddi-T1\vue\frontend\src\assets\productImg\,product12_7.jpg,13
73,93e134f9-2b09-4f77-b10b-2aefcc07d5dcproduct13_1.jpg,C:\Eddi-T1\flutter\buy_idea\assets\product\,C:\Eddi-T1\vue\frontend\src\assets\productImg\,product13_1.jpg,14
74,8cc951e2-2fde-430d-b6d9-c5035be503c7product13_2.jpg,C:\Eddi-T1\flutter\buy_idea\assets\product\,C:\Eddi-T1\vue\frontend\src\assets\productImg\,product13_2.jpg,14
75,c5c18dac-aa9e-4e53-b266-c33929657557product13_3.jpg,C:\Eddi-T1\flutter\buy_idea\assets\product\,C:\Eddi-T1\vue\frontend\src\assets\productImg\,product13_3.jpg,14
76,1887e308-4e8e-4692-9600-d5907899aadcproduct13_4.jpg,C:\Eddi-T1\flutter\buy_idea\assets\product\,C:\Eddi-T1\vue\frontend\src\assets\productImg\,product13_4.jpg,14
77,22bd4cb5-8462-42ac-89aa-ffc7d3affa1dproduct13_5.jpg,C:\Eddi-T1\flutter\buy_idea\assets\product\,C:\Eddi-T1\vue\frontend\src\assets\productImg\,product13_5.jpg,14
78,a47b7ca8-7da5-4bb8-8ac0-7e684a1c2d04product13_6.jpg,C:\Eddi-T1\flutter\buy_idea\assets\product\,C:\Eddi-T1\vue\frontend\src\assets\productImg\,product13_6.jpg,14
79,1d04189c-3d0e-4390-b8e6-ce13b3035587product13_7.jpg,C:\Eddi-T1\flutter\buy_idea\assets\product\,C:\Eddi-T1\vue\frontend\src\assets\productImg\,product13_7.jpg,14
80,050f114d-e6db-43d2-95f1-b8d92257ca0aproduct14_1.jpg,C:\Eddi-T1\flutter\buy_idea\assets\product\,C:\Eddi-T1\vue\frontend\src\assets\productImg\,product14_1.jpg,15
81,72a93b37-2d08-49f9-902a-d813dbe6ada7product14_2.jpg,C:\Eddi-T1\flutter\buy_idea\assets\product\,C:\Eddi-T1\vue\frontend\src\assets\productImg\,product14_2.jpg,15
82,5d20cb06-3adc-4101-9b30-775d1b7d9d3dproduct14_3.jpg,C:\Eddi-T1\flutter\buy_idea\assets\product\,C:\Eddi-T1\vue\frontend\src\assets\productImg\,product14_3.jpg,15
83,d2ce92fe-b30e-4e42-8861-93608c3a87c0product14_4.jpg,C:\Eddi-T1\flutter\buy_idea\assets\product\,C:\Eddi-T1\vue\frontend\src\assets\productImg\,product14_4.jpg,15
84,3b8163ac-dbe1-424b-8d73-2c5218577676product14_5.jpg,C:\Eddi-T1\flutter\buy_idea\assets\product\,C:\Eddi-T1\vue\frontend\src\assets\productImg\,product14_5.jpg,15
85,46dafe5f-20d0-4399-8911-5a349e28868eproduct14_6.jpg,C:\Eddi-T1\flutter\buy_idea\assets\product\,C:\Eddi-T1\vue\frontend\src\assets\productImg\,product14_6.jpg,15
86,e67f5dbb-6aac-4b73-9888-e708c3dfa03aproduct14_7.jpg,C:\Eddi-T1\flutter\buy_idea\assets\product\,C:\Eddi-T1\vue\frontend\src\assets\productImg\,product14_7.jpg,15
87,65625ed6-1687-4172-8c44-f30bab3933b0product15_1.jpg,C:\Eddi-T1\flutter\buy_idea\assets\product\,C:\Eddi-T1\vue\frontend\src\assets\productImg\,product15_1.jpg,16
88,e8be8b1a-e102-45a6-8612-ed81c8147bf5product15_2.jpg,C:\Eddi-T1\flutter\buy_idea\assets\product\,C:\Eddi-T1\vue\frontend\src\assets\productImg\,product15_2.jpg,16
89,a1a7b205-a34b-4bb0-9cb3-1bf80c8492d2product15_3.jpg,C:\Eddi-T1\flutter\buy_idea\assets\product\,C:\Eddi-T1\vue\frontend\src\assets\productImg\,product15_3.jpg,16
90,9156d206-eac5-4903-ab1c-a0610a9e3388product15_4.jpg,C:\Eddi-T1\flutter\buy_idea\assets\product\,C:\Eddi-T1\vue\frontend\src\assets\productImg\,product15_4.jpg,16
91,e9952531-4410-4b51-b7cc-ac7ddc05e100product15_5.jpg,C:\Eddi-T1\flutter\buy_idea\assets\product\,C:\Eddi-T1\vue\frontend\src\assets\productImg\,product15_5.jpg,16
92,e4c76880-7fb2-4b76-842c-513e887752bcproduct15_6.jpg,C:\Eddi-T1\flutter\buy_idea\assets\product\,C:\Eddi-T1\vue\frontend\src\assets\productImg\,product15_6.jpg,16
93,f03be6eb-2b5e-4961-97ae-bd64e2515d5fproduct15_7.jpg,C:\Eddi-T1\flutter\buy_idea\assets\product\,C:\Eddi-T1\vue\frontend\src\assets\productImg\,product15_7.jpg,16
94,e5858d9c-b5df-4af5-89fd-fa39c2c3ba41product15_8.jpg,C:\Eddi-T1\flutter\buy_idea\assets\product\,C:\Eddi-T1\vue\frontend\src\assets\productImg\,product15_8.jpg,16
95,90591c1f-0e2b-4ee3-b5d4-08925effced4product16_1.jpg,C:\Eddi-T1\flutter\buy_idea\assets\product\,C:\Eddi-T1\vue\frontend\src\assets\productImg\,product16_1.jpg,17
96,8fe82559-0f8e-421c-a270-f294d236db1cproduct16_2.jpg,C:\Eddi-T1\flutter\buy_idea\assets\product\,C:\Eddi-T1\vue\frontend\src\assets\productImg\,product16_2.jpg,17
97,dba905a1-466d-4032-8f84-c4bcd6b28054product16_3.jpg,C:\Eddi-T1\flutter\buy_idea\assets\product\,C:\Eddi-T1\vue\frontend\src\assets\productImg\,product16_3.jpg,17
98,168bbe10-9cc9-4fdd-a08e-0c81ad181c65product16_4.jpg,C:\Eddi-T1\flutter\buy_idea\assets\product\,C:\Eddi-T1\vue\frontend\src\assets\productImg\,product16_4.jpg,17
99,471310fb-3ba5-4873-a8a6-59b500fa6477product16_5.jpg,C:\Eddi-T1\flutter\buy_idea\assets\product\,C:\Eddi-T1\vue\frontend\src\assets\productImg\,product16_5.jpg,17
100,6afe7a46-14b4-4a2f-a21a-56de19d20a66product16_6.jpg,C:\Eddi-T1\flutter\buy_idea\assets\product\,C:\Eddi-T1\vue\frontend\src\assets\productImg\,product16_6.jpg,17
101,82caaa45-7610-4852-aee9-42237f6bab89product16_7.jpg,C:\Eddi-T1\flutter\buy_idea\assets\product\,C:\Eddi-T1\vue\frontend\src\assets\productImg\,product16_7.jpg,17
102,ee0a4c9c-a353-490d-ae59-1e270dd1ce78product16_8.jpg,C:\Eddi-T1\flutter\buy_idea\assets\product\,C:\Eddi-T1\vue\frontend\src\assets\productImg\,product16_8.jpg,17
103,8c24dadf-18fa-440d-88e4-55d039c14430product16_9.jpg,C:\Eddi-T1\flutter\buy_idea\assets\product\,C:\Eddi-T1\vue\frontend\src\assets\productImg\,product16_9.jpg,17
104,9e6e2e7a-d7fa-49dd-a850-4a871be65425product17_1.jpg,C:\Eddi-T1\flutter\buy_idea\assets\product\,C:\Eddi-T1\vue\frontend\src\assets\productImg\,product17_1.jpg,18
105,099094c6-2bc9-4edd-8958-e801ab10f6bcproduct17_2.jpg,C:\Eddi-T1\flutter\buy_idea\assets\product\,C:\Eddi-T1\vue\frontend\src\assets\productImg\,product17_2.jpg,18
106,7cd5cbb8-b7a4-4780-ac0d-94e5a94a986aproduct17_3.jpg,C:\Eddi-T1\flutter\buy_idea\assets\product\,C:\Eddi-T1\vue\frontend\src\assets\productImg\,product17_3.jpg,18
107,c5a38c47-b01b-4654-bde7-b1837dcfe2cdproduct17_4.jpg,C:\Eddi-T1\flutter\buy_idea\assets\product\,C:\Eddi-T1\vue\frontend\src\assets\productImg\,product17_4.jpg,18
108,6f36d52f-03ba-4299-8b7c-155f6e7c4c7fproduct17_5.jpg,C:\Eddi-T1\flutter\buy_idea\assets\product\,C:\Eddi-T1\vue\frontend\src\assets\productImg\,product17_5.jpg,18
109,6aabd7ac-483c-40f3-a609-7b57e8d33540product17_6.jpg,C:\Eddi-T1\flutter\buy_idea\assets\product\,C:\Eddi-T1\vue\frontend\src\assets\productImg\,product17_6.jpg,18
110,e5c9466a-5f16-4021-99fe-3df1bb7ee510product17_7.jpg,C:\Eddi-T1\flutter\buy_idea\assets\product\,C:\Eddi-T1\vue\frontend\src\assets\productImg\,product17_7.jpg,18
111,b6db5a75-42f5-4f88-831f-45848de5b65aproduct17_8.jpg,C:\Eddi-T1\flutter\buy_idea\assets\product\,C:\Eddi-T1\vue\frontend\src\assets\productImg\,product17_8.jpg,18
112,6b9eb9cb-e9b3-417c-b875-c3a5060d009bproduct17_9.jpg,C:\Eddi-T1\flutter\buy_idea\assets\product\,C:\Eddi-T1\vue\frontend\src\assets\productImg\,product17_9.jpg,18
113,4a17c9d3-6529-403d-91ff-a2f79fbdfce3product18_1.jpg,C:\Eddi-T1\flutter\buy_idea\assets\product\,C:\Eddi-T1\vue\frontend\src\assets\productImg\,product18_1.jpg,19
114,46f126de-bb56-4d9f-b90e-5c2d047c58a1product18_2.jpg,C:\Eddi-T1\flutter\buy_idea\assets\product\,C:\Eddi-T1\vue\frontend\src\assets\productImg\,product18_2.jpg,19
115,7bc850b5-bbfa-477f-be59-880bd70c7c43product18_3.jpg,C:\Eddi-T1\flutter\buy_idea\assets\product\,C:\Eddi-T1\vue\frontend\src\assets\productImg\,product18_3.jpg,19
116,20f992b9-c73f-4a16-96f8-20ad415d872fproduct18_4.jpg,C:\Eddi-T1\flutter\buy_idea\assets\product\,C:\Eddi-T1\vue\frontend\src\assets\productImg\,product18_4.jpg,19
117,33b6023d-930f-4d7b-a494-f44dc5a570b0product18_5.jpg,C:\Eddi-T1\flutter\buy_idea\assets\product\,C:\Eddi-T1\vue\frontend\src\assets\productImg\,product18_5.jpg,19
118,a07266ae-cbd6-4e41-9cd5-00375e933a21product18_6.jpg,C:\Eddi-T1\flutter\buy_idea\assets\product\,C:\Eddi-T1\vue\frontend\src\assets\productImg\,product18_6.jpg,19
119,80bd3a43-9369-4c58-8ddf-fda232a97bdeproduct18_7.jpg,C:\Eddi-T1\flutter\buy_idea\assets\product\,C:\Eddi-T1\vue\frontend\src\assets\productImg\,product18_7.jpg,19
120,8b5f5bb4-6996-4623-8842-969f686491f3product18_8.jpg,C:\Eddi-T1\flutter\buy_idea\assets\product\,C:\Eddi-T1\vue\frontend\src\assets\productImg\,product18_8.jpg,19
121,0e22598a-33db-4218-9d5f-832fe067567eproduct18_9.jpg,C:\Eddi-T1\flutter\buy_idea\assets\product\,C:\Eddi-T1\vue\frontend\src\assets\productImg\,product18_9.jpg,19
122,addf03d2-5f84-402a-996e-d5d6febc0d1cproduct19_1.jpg,C:\Eddi-T1\flutter\buy_idea\assets\product\,C:\Eddi-T1\vue\frontend\src\assets\productImg\,product19_1.jpg,20
123,d66878e7-de0b-4fee-b93d-3d5d1adbb48aproduct19_2.jpg,C:\Eddi-T1\flutter\buy_idea\assets\product\,C:\Eddi-T1\vue\frontend\src\assets\productImg\,product19_2.jpg,20
124,50bea500-cda4-419b-9e6d-b78dc610f3f2product19_3.jpg,C:\Eddi-T1\flutter\buy_idea\assets\product\,C:\Eddi-T1\vue\frontend\src\assets\productImg\,product19_3.jpg,20
125,60160fd3-e43d-4642-9651-78c7f23dc315product19_4.jpg,C:\Eddi-T1\flutter\buy_idea\assets\product\,C:\Eddi-T1\vue\frontend\src\assets\productImg\,product19_4.jpg,20
126,1ec9fbdd-f51f-4daf-b5df-92d227b3ab4dproduct19_5.jpg,C:\Eddi-T1\flutter\buy_idea\assets\product\,C:\Eddi-T1\vue\frontend\src\assets\productImg\,product19_5.jpg,20
127,65fd81af-0c00-4474-8392-b8e75a856877product19_6.jpg,C:\Eddi-T1\flutter\buy_idea\assets\product\,C:\Eddi-T1\vue\frontend\src\assets\productImg\,product19_6.jpg,20
128,e7d1c112-7079-4743-aef2-4e7fcb450a17product20_1.jpg,C:\Eddi-T1\flutter\buy_idea\assets\product\,C:\Eddi-T1\vue\frontend\src\assets\productImg\,product20_1.jpg,21
129,3477de8e-252b-473f-92cd-324292bdb14bproduct20_2.jpg,C:\Eddi-T1\flutter\buy_idea\assets\product\,C:\Eddi-T1\vue\frontend\src\assets\productImg\,product20_2.jpg,21
130,4bd61bb7-b3fd-40c8-859e-a057fd54b212product20_3.jpg,C:\Eddi-T1\flutter\buy_idea\assets\product\,C:\Eddi-T1\vue\frontend\src\assets\productImg\,product20_3.jpg,21
131,c87ded8b-07b9-44ff-8a72-141ededad19fproduct20_4.jpg,C:\Eddi-T1\flutter\buy_idea\assets\product\,C:\Eddi-T1\vue\frontend\src\assets\productImg\,product20_4.jpg,21
132,e87193c8-40e5-4e66-9c11-fe09384fc86dproduct20_5.jpg,C:\Eddi-T1\flutter\buy_idea\assets\product\,C:\Eddi-T1\vue\frontend\src\assets\productImg\,product20_5.jpg,21
133,17bd1694-8fcb-4665-adbb-ed8b4ff7f445product20_6.jpg,C:\Eddi-T1\flutter\buy_idea\assets\product\,C:\Eddi-T1\vue\frontend\src\assets\productImg\,product20_6.jpg,21
134,c6e95d27-df16-494f-be20-e44846a92cb7product20_7.jpg,C:\Eddi-T1\flutter\buy_idea\assets\product\,C:\Eddi-T1\vue\frontend\src\assets\productImg\,product20_7.jpg,21
135,c72ddc61-c063-471e-800e-7f4bf90d25fdproduct20_8.jpg,C:\Eddi-T1\flutter\buy_idea\assets\product\,C:\Eddi-T1\vue\frontend\src\assets\productImg\,product20_8.jpg,21
136,a0a64af4-6593-4cb9-afb8-d6c9feb37fc9product20_9.jpg,C:\Eddi-T1\flutter\buy_idea\assets\product\,C:\Eddi-T1\vue\frontend\src\assets\productImg\,product20_9.jpg,21
137,71c04fa2-fe1d-4593-b2e2-90846ba958deproduct21_1.jpg,C:\Eddi-T1\flutter\buy_idea\assets\product\,C:\Eddi-T1\vue\frontend\src\assets\productImg\,product21_1.jpg,22
138,6096bdcf-2aca-44e3-a3b9-9391755ae7ecproduct21_2.jpg,C:\Eddi-T1\flutter\buy_idea\assets\product\,C:\Eddi-T1\vue\frontend\src\assets\productImg\,product21_2.jpg,22
139,70104444-2f61-4b74-8a65-831935237f21product21_3.jpg,C:\Eddi-T1\flutter\buy_idea\assets\product\,C:\Eddi-T1\vue\frontend\src\assets\productImg\,product21_3.jpg,22
140,e6774930-0472-4b90-94ff-48e0223c6072product21_4.jpg,C:\Eddi-T1\flutter\buy_idea\assets\product\,C:\Eddi-T1\vue\frontend\src\assets\productImg\,product21_4.jpg,22
141,da58beee-a93a-4486-b155-253224f8f82fproduct21_5.jpg,C:\Eddi-T1\flutter\buy_idea\assets\product\,C:\Eddi-T1\vue\frontend\src\assets\productImg\,product21_5.jpg,22
142,2553296c-ab7d-4bba-a4a3-b7da79f18148product21_6.jpg,C:\Eddi-T1\flutter\buy_idea\assets\product\,C:\Eddi-T1\vue\frontend\src\assets\productImg\,product21_6.jpg,22
143,65ebebc2-ba11-4350-a5ad-c566c8bc1de6product21_7.jpg,C:\Eddi-T1\flutter\buy_idea\assets\product\,C:\Eddi-T1\vue\frontend\src\assets\productImg\,product21_7.jpg,22
144,ef397f51-b04e-40f9-a19b-4c3701f322d1handmade_1.jpg,C:\Eddi-T1\flutter\buy_idea\assets\product\,C:\Eddi-T1\vue\frontend\src\assets\productImg\,handmade_1.jpg,23
145,d1ca7e96-2d29-4f9a-9246-5a9dc353c9f9handmade_2.jpg,C:\Eddi-T1\flutter\buy_idea\assets\product\,C:\Eddi-T1\vue\frontend\src\assets\productImg\,handmade_2.jpg,23
146,2b39bc1f-bd68-4725-ba23-bc6e4c78beffhandmade_3.jpg,C:\Eddi-T1\flutter\buy_idea\assets\product\,C:\Eddi-T1\vue\frontend\src\assets\productImg\,handmade_3.jpg,23
147,aced6725-7a78-4b83-8076-441c00e50b03handmade_4.jpg,C:\Eddi-T1\flutter\buy_idea\assets\product\,C:\Eddi-T1\vue\frontend\src\assets\productImg\,handmade_4.jpg,23
148,e27cc93a-d9fb-46bf-93a5-8c94151fc18ahandmade_5.jpg,C:\Eddi-T1\flutter\buy_idea\assets\product\,C:\Eddi-T1\vue\frontend\src\assets\productImg\,handmade_5.jpg,23
149,2effcac5-df6a-49ac-82d7-0bc1e5e2b1b4handmade_2_1.jpg,C:\Eddi-T1\flutter\buy_idea\assets\product\,C:\Eddi-T1\vue\frontend\src\assets\productImg\,handmade_2_1.jpg,24
150,c0d0524a-86b1-48d8-84bd-771f4071b307handmade_2_2.jpg,C:\Eddi-T1\flutter\buy_idea\assets\product\,C:\Eddi-T1\vue\frontend\src\assets\productImg\,handmade_2_2.jpg,24
151,27cafcc8-5bc1-43e0-867c-a408280d5359handmade_2_3.jpg,C:\Eddi-T1\flutter\buy_idea\assets\product\,C:\Eddi-T1\vue\frontend\src\assets\productImg\,handmade_2_3.jpg,24
152,09d64589-027d-4905-9886-54e50da888cehandmade_3_1.jpg,C:\Eddi-T1\flutter\buy_idea\assets\product\,C:\Eddi-T1\vue\frontend\src\assets\productImg\,handmade_3_1.jpg,25
153,8da3c268-d0de-49ec-950f-132845648f47handmade_3_2.jpg,C:\Eddi-T1\flutter\buy_idea\assets\product\,C:\Eddi-T1\vue\frontend\src\assets\productImg\,handmade_3_2.jpg,25
154,2c5abeda-aefc-4716-bd82-47ae61bef99ahandmade_3_3.jpg,C:\Eddi-T1\flutter\buy_idea\assets\product\,C:\Eddi-T1\vue\frontend\src\assets\productImg\,handmade_3_3.jpg,25
155,e1660445-232c-4473-b80a-f2c04988f57fhandmade_3_4.jpg,C:\Eddi-T1\flutter\buy_idea\assets\product\,C:\Eddi-T1\vue\frontend\src\assets\productImg\,handmade_3_4.jpg,25
156,ff7f92e6-c4e9-49d1-843d-57a5a22f0f54handmade_3_5.jpg,C:\Eddi-T1\flutter\buy_idea\assets\product\,C:\Eddi-T1\vue\frontend\src\assets\productImg\,handmade_3_5.jpg,25
157,51c983a1-356a-43f3-a80c-fa6cbd78cfe8handmade_3_6.jpg,C:\Eddi-T1\flutter\buy_idea\assets\product\,C:\Eddi-T1\vue\frontend\src\assets\productImg\,handmade_3_6.jpg,25
158,d8d8fd2a-8ed4-4d36-8317-c8fd134aff0fhandmade_4_1.jpg,C:\Eddi-T1\flutter\buy_idea\assets\product\,C:\Eddi-T1\vue\frontend\src\assets\productImg\,handmade_4_1.jpg,26
159,bc6ece95-8132-42a7-98a7-f78c335217dahandmade_4_2.jpg,C:\Eddi-T1\flutter\buy_idea\assets\product\,C:\Eddi-T1\vue\frontend\src\assets\productImg\,handmade_4_2.jpg,26
160,03798a27-1820-4b31-8643-80df1c7ddd3bhandmade_4_3.jpg,C:\Eddi-T1\flutter\buy_idea\assets\product\,C:\Eddi-T1\vue\frontend\src\assets\productImg\,handmade_4_3.jpg,26
161,14a4b34b-c57f-4c87-810a-943240221406handmade_4_4.jpg,C:\Eddi-T1\flutter\buy_idea\assets\product\,C:\Eddi-T1\vue\frontend\src\assets\productImg\,handmade_4_4.jpg,26
162,a7f92285-a9b3-492e-ae30-d03a885bd7ddhandmade_4_5.jpg,C:\Eddi-T1\flutter\buy_idea\assets\product\,C:\Eddi-T1\vue\frontend\src\assets\productImg\,handmade_4_5.jpg,26
163,2c91a0cc-3c6a-482c-b2a6-055766b886b8handmade_5_1.jpg,C:\Eddi-T1\flutter\buy_idea\assets\product\,C:\Eddi-T1\vue\frontend\src\assets\productImg\,handmade_5_1.jpg,27
164,624851fc-bce9-49a7-923a-4dc1a9a3c3abhandmade_5_2.jpg,C:\Eddi-T1\flutter\buy_idea\assets\product\,C:\Eddi-T1\vue\frontend\src\assets\productImg\,handmade_5_2.jpg,27
165,a8e48196-0ad6-4e0e-9ec4-d4c0082dc6e7handmade_5_3.jpg,C:\Eddi-T1\flutter\buy_idea\assets\product\,C:\Eddi-T1\vue\frontend\src\assets\productImg\,handmade_5_3.jpg,27
166,3d5cb57c-3bac-4b59-a631-a0d718a6ec65handmade_6_1.jpg,C:\Eddi-T1\flutter\buy_idea\assets\product\,C:\Eddi-T1\vue\frontend\src\assets\productImg\,handmade_6_1.jpg,28
167,0d143fd8-b63a-4e72-b4df-d1a622543d91handmade_6_2.jpg,C:\Eddi-T1\flutter\buy_idea\assets\product\,C:\Eddi-T1\vue\frontend\src\assets\productImg\,handmade_6_2.jpg,28
168,38d50a9a-3602-4f26-8f0c-1103f7220acdhandmade_6_3.jpg,C:\Eddi-T1\flutter\buy_idea\assets\product\,C:\Eddi-T1\vue\frontend\src\assets\productImg\,handmade_6_3.jpg,28
169,11b6b772-c4fd-431e-b9c9-aaaa036c321ahandmade_6_4.jpg,C:\Eddi-T1\flutter\buy_idea\assets\product\,C:\Eddi-T1\vue\frontend\src\assets\productImg\,handmade_6_4.jpg,28
170,92c8e56d-a6f6-468f-99d7-ce46756359e3handmade_6_5.jpg,C:\Eddi-T1\flutter\buy_idea\assets\product\,C:\Eddi-T1\vue\frontend\src\assets\productImg\,handmade_6_5.jpg,28
171,904e7ac4-43da-41af-a6a2-fae5fb9ed05dhandmade_6_6.jpg,C:\Eddi-T1\flutter\buy_idea\assets\product\,C:\Eddi-T1\vue\frontend\src\assets\productImg\,handmade_6_6.jpg,28
172,fe649d6b-b051-4a8e-a675-d7419ab74d00handmade_6_7.jpg,C:\Eddi-T1\flutter\buy_idea\assets\product\,C:\Eddi-T1\vue\frontend\src\assets\productImg\,handmade_6_7.jpg,28
173,29ca074a-92e8-49bf-a5f6-1d3a0279f5dahandmade_6_8.jpg,C:\Eddi-T1\flutter\buy_idea\assets\product\,C:\Eddi-T1\vue\frontend\src\assets\productImg\,handmade_6_8.jpg,28
174,9b5da27c-7580-41ce-b49e-9451eca2ed1chandmade_7_1.jpg,C:\Eddi-T1\flutter\buy_idea\assets\product\,C:\Eddi-T1\vue\frontend\src\assets\productImg\,handmade_7_1.jpg,29
175,481a3754-064e-46e8-813d-fde9e78ab998handmade_7_2.jpg,C:\Eddi-T1\flutter\buy_idea\assets\product\,C:\Eddi-T1\vue\frontend\src\assets\productImg\,handmade_7_2.jpg,29
176,46413302-6750-460f-b675-e25366be6947handmade_7_3.jpg,C:\Eddi-T1\flutter\buy_idea\assets\product\,C:\Eddi-T1\vue\frontend\src\assets\productImg\,handmade_7_3.jpg,29
177,e5c2b913-b5d3-45fc-9765-d080a4802e82handmade_7_4.jpg,C:\Eddi-T1\flutter\buy_idea\assets\product\,C:\Eddi-T1\vue\frontend\src\assets\productImg\,handmade_7_4.jpg,29
178,7b37be7e-a575-4f0e-a41a-363c22c2e67dhandmade_7_5.jpg,C:\Eddi-T1\flutter\buy_idea\assets\product\,C:\Eddi-T1\vue\frontend\src\assets\productImg\,handmade_7_5.jpg,29
179,d41d1b56-ac42-40ec-b155-84d61ab3c9aahandmade_7_6.jpg,C:\Eddi-T1\flutter\buy_idea\assets\product\,C:\Eddi-T1\vue\frontend\src\assets\productImg\,handmade_7_6.jpg,29
180,c8beba8e-9ed8-4f35-aa90-f5a8bd13b87ahandmade_7_7.jpg,C:\Eddi-T1\flutter\buy_idea\assets\product\,C:\Eddi-T1\vue\frontend\src\assets\productImg\,handmade_7_7.jpg,29
181,6a856261-4511-4fe2-886a-b81235f65851handmade_7_8.jpg,C:\Eddi-T1\flutter\buy_idea\assets\product\,C:\Eddi-T1\vue\frontend\src\assets\productImg\,handmade_7_8.jpg,29
182,9eff06ae-f9ab-4a0d-8d35-40453a4a3537handmade_8_1.jpg,C:\Eddi-T1\flutter\buy_idea\assets\product\,C:\Eddi-T1\vue\frontend\src\assets\productImg\,handmade_8_1.jpg,30
183,eaea67c0-2cf9-4a1f-8489-acc5193b16b5handmade_8_2.jpg,C:\Eddi-T1\flutter\buy_idea\assets\product\,C:\Eddi-T1\vue\frontend\src\assets\productImg\,handmade_8_2.jpg,30
184,ea82432e-0e23-4acc-9ee7-450164b556b8handmade_8_3.jpg,C:\Eddi-T1\flutter\buy_idea\assets\product\,C:\Eddi-T1\vue\frontend\src\assets\productImg\,handmade_8_3.jpg,30
185,3fbf8ce9-4218-436f-b817-53d7b0bbf930handmade_8_4.jpg,C:\Eddi-T1\flutter\buy_idea\assets\product\,C:\Eddi-T1\vue\frontend\src\assets\productImg\,handmade_8_4.jpg,30
186,badb4bc2-2630-46f6-8b53-1a85616bd064handmade_8_5.jpg,C:\Eddi-T1\flutter\buy_idea\assets\product\,C:\Eddi-T1\vue\frontend\src\assets\productImg\,handmade_8_5.jpg,30
187,38b14244-6c97-4abb-a692-55964f450225handmade_8_6.jpg,C:\Eddi-T1\flutter\buy_idea\assets\product\,C:\Eddi-T1\vue\frontend\src\assets\productImg\,handmade_8_6.jpg,30
188,1a10a17b-b032-4e50-8db1-574bd2212c16handmade_8_7.jpg,C:\Eddi-T1\flutter\buy_idea\assets\product\,C:\Eddi-T1\vue\frontend\src\assets\productImg\,handmade_8_7.jpg,30
189,ac8e7e68-7d3d-4a70-b10e-1f096f38d97fknowhow1_1.jpg,C:\Eddi-T1\flutter\buy_idea\assets\product\,C:\Eddi-T1\vue\frontend\src\assets\productImg\,knowhow1_1.jpg,31
190,4327ba2b-bcfe-479a-9281-f344b08a6da2knowhow1_2.jpg,C:\Eddi-T1\flutter\buy_idea\assets\product\,C:\Eddi-T1\vue\frontend\src\assets\productImg\,knowhow1_2.jpg,31
191,4bae6d8c-4b2b-4d1c-98e5-db2262f72a6cknowhow1_3.jpg,C:\Eddi-T1\flutter\buy_idea\assets\product\,C:\Eddi-T1\vue\frontend\src\assets\productImg\,knowhow1_3.jpg,31
192,2724ba1e-c7cc-477b-a5fd-3b55117db356knowhow2_1.jpg,C:\Eddi-T1\flutter\buy_idea\assets\product\,C:\Eddi-T1\vue\frontend\src\assets\productImg\,knowhow2_1.jpg,32
193,69fc1c44-3a95-4a71-8f82-fbfdce338187knowhow2_2.jpg,C:\Eddi-T1\flutter\buy_idea\assets\product\,C:\Eddi-T1\vue\frontend\src\assets\productImg\,knowhow2_2.jpg,32
194,3511a524-838a-4ba5-9aea-f2c2bc9de87aknowhow2_3.jpg,C:\Eddi-T1\flutter\buy_idea\assets\product\,C:\Eddi-T1\vue\frontend\src\assets\productImg\,knowhow2_3.jpg,32
195,cc1f4d09-36dd-47d3-824b-d7f1589184d5knowhow3_1.jpg,C:\Eddi-T1\flutter\buy_idea\assets\product\,C:\Eddi-T1\vue\frontend\src\assets\productImg\,knowhow3_1.jpg,33
196,85bdf03b-cfc5-46f8-ab00-2c785c75e258knowhow3_4.jpg,C:\Eddi-T1\flutter\buy_idea\assets\product\,C:\Eddi-T1\vue\frontend\src\assets\productImg\,knowhow3_4.jpg,33
197,6d374ec4-3e26-469b-b3e3-2d057d060dc5knowhow3_5.jpg,C:\Eddi-T1\flutter\buy_idea\assets\product\,C:\Eddi-T1\vue\frontend\src\assets\productImg\,knowhow3_5.jpg,33
198,903b5d1f-6103-4444-90ca-18184e17c14fknowhow3_2.jpg,C:\Eddi-T1\flutter\buy_idea\assets\product\,C:\Eddi-T1\vue\frontend\src\assets\productImg\,knowhow3_2.jpg,33
199,c78986ad-42ce-4723-b34f-8c99e6c06400knowhow3_3.jpg,C:\Eddi-T1\flutter\buy_idea\assets\product\,C:\Eddi-T1\vue\frontend\src\assets\productImg\,knowhow3_3.jpg,33
200,ea5e2b46-7a49-4683-a557-b91ec8a5d4a6knowhow4_1.jpg,C:\Eddi-T1\flutter\buy_idea\assets\product\,C:\Eddi-T1\vue\frontend\src\assets\productImg\,knowhow4_1.jpg,34
201,712b5eb6-7c97-4891-bc40-134a85e4c538knowhow4_2.jpg,C:\Eddi-T1\flutter\buy_idea\assets\product\,C:\Eddi-T1\vue\frontend\src\assets\productImg\,knowhow4_2.jpg,34
202,d164fdbb-84cb-429b-aef1-737960a773f5knowhow4_3.jpg,C:\Eddi-T1\flutter\buy_idea\assets\product\,C:\Eddi-T1\vue\frontend\src\assets\productImg\,knowhow4_3.jpg,34
203,42eb115d-dcbc-4c67-9829-cc9c657516abhobby1_1.jpg,C:\Eddi-T1\flutter\buy_idea\assets\product\,C:\Eddi-T1\vue\frontend\src\assets\productImg\,hobby1_1.jpg,35
204,5f49056b-63ee-4c4f-bd51-9f5c5787aca1hobby1_2.jpg,C:\Eddi-T1\flutter\buy_idea\assets\product\,C:\Eddi-T1\vue\frontend\src\assets\productImg\,hobby1_2.jpg,35
205,8fcf9f6e-d049-4a21-bd5f-df18a8a45fbfhobby1_3.jpg,C:\Eddi-T1\flutter\buy_idea\assets\product\,C:\Eddi-T1\vue\frontend\src\assets\productImg\,hobby1_3.jpg,35
206,4c35b065-40c0-452a-b04b-ab5ee02b4bbbhobby1_4.jpg,C:\Eddi-T1\flutter\buy_idea\assets\product\,C:\Eddi-T1\vue\frontend\src\assets\productImg\,hobby1_4.jpg,35
207,c6ee1724-9de1-4511-b661-eb3840caa6a3hobby1_5.jpg,C:\Eddi-T1\flutter\buy_idea\assets\product\,C:\Eddi-T1\vue\frontend\src\assets\productImg\,hobby1_5.jpg,35
208,d7946b68-753b-4463-93eb-5a640541aaabhobby2_1.jpg,C:\Eddi-T1\flutter\buy_idea\assets\product\,C:\Eddi-T1\vue\frontend\src\assets\productImg\,hobby2_1.jpg,36
209,894b1e43-6598-49b6-9e40-0d1aeb3fb839hobby2_2.jpg,C:\Eddi-T1\flutter\buy_idea\assets\product\,C:\Eddi-T1\vue\frontend\src\assets\productImg\,hobby2_2.jpg,36
210,a4d0a857-5da9-4f38-9c47-e59040796c69hobby2_3.jpg,C:\Eddi-T1\flutter\buy_idea\assets\product\,C:\Eddi-T1\vue\frontend\src\assets\productImg\,hobby2_3.jpg,36
211,4b4b5579-b3a2-4546-ac7f-753f68665480hobby2_4.jpg,C:\Eddi-T1\flutter\buy_idea\assets\product\,C:\Eddi-T1\vue\frontend\src\assets\productImg\,hobby2_4.jpg,36
212,5d2b46e1-3491-4d60-b1aa-fb0eb035ce6dhobby2_5.jpg,C:\Eddi-T1\flutter\buy_idea\assets\product\,C:\Eddi-T1\vue\frontend\src\assets\productImg\,hobby2_5.jpg,36
213,346784a4-b716-475c-b3aa-054d19d09eeahobby3_1.jpg,C:\Eddi-T1\flutter\buy_idea\assets\product\,C:\Eddi-T1\vue\frontend\src\assets\productImg\,hobby3_1.jpg,37
214,a8fcd624-9d0a-4b52-b5c0-277fa1cf8b26hobby3_2.jpg,C:\Eddi-T1\flutter\buy_idea\assets\product\,C:\Eddi-T1\vue\frontend\src\assets\productImg\,hobby3_2.jpg,37
215,2628d9bb-65eb-41a3-b339-37a444a1e51dhobby3_3.jpg,C:\Eddi-T1\flutter\buy_idea\assets\product\,C:\Eddi-T1\vue\frontend\src\assets\productImg\,hobby3_3.jpg,37
216,85755da5-f458-498e-b7be-87f135f8d46ahobby4_1.jpg,C:\Eddi-T1\flutter\buy_idea\assets\product\,C:\Eddi-T1\vue\frontend\src\assets\productImg\,hobby4_1.jpg,38
217,3cc87812-ea46-4dfc-a8c1-ea468129c6bbhobby4_2.jpg,C:\Eddi-T1\flutter\buy_idea\assets\product\,C:\Eddi-T1\vue\frontend\src\assets\productImg\,hobby4_2.jpg,38
218,1a7bea7f-2ad1-4a33-a5f6-29c34254fb56hobby4_3.jpg,C:\Eddi-T1\flutter\buy_idea\assets\product\,C:\Eddi-T1\vue\frontend\src\assets\productImg\,hobby4_3.jpg,38
219,c3f1e2c9-8ea9-4b10-9140-1eda748ee162hobby5_1.jpg,C:\Eddi-T1\flutter\buy_idea\assets\product\,C:\Eddi-T1\vue\frontend\src\assets\productImg\,hobby5_1.jpg,39
220,f3c18afd-6fd4-468d-b0e1-420295925e4ehobby5_2.jpg,C:\Eddi-T1\flutter\buy_idea\assets\product\,C:\Eddi-T1\vue\frontend\src\assets\productImg\,hobby5_2.jpg,39
221,14cdf167-f641-4cf8-b222-a984c9bdf829hobby5_3.jpg,C:\Eddi-T1\flutter\buy_idea\assets\product\,C:\Eddi-T1\vue\frontend\src\assets\productImg\,hobby5_3.jpg,39
222,35cc61c1-e8b2-48a7-9a1f-ee24a559ee26hobby5_4.jpg,C:\Eddi-T1\flutter\buy_idea\assets\product\,C:\Eddi-T1\vue\frontend\src\assets\productImg\,hobby5_4.jpg,39
223,dc77b97d-359d-4d00-9cbe-2774e27f64a3hobby6_1.jpg,C:\Eddi-T1\flutter\buy_idea\assets\product\,C:\Eddi-T1\vue\frontend\src\assets\productImg\,hobby6_1.jpg,40
224,b5c6c25f-86f5-41f4-b511-6218e1a640c6hobby6_2.jpg,C:\Eddi-T1\flutter\buy_idea\assets\product\,C:\Eddi-T1\vue\frontend\src\assets\productImg\,hobby6_2.jpg,40
225,eed8c5bb-7291-4c27-92b8-f52ed1d3bd98hobby6_3.jpg,C:\Eddi-T1\flutter\buy_idea\assets\product\,C:\Eddi-T1\vue\frontend\src\assets\productImg\,hobby6_3.jpg,40
226,832e2ca8-ea27-4a9a-a886-1038b56d84bfhobby6_4.jpg,C:\Eddi-T1\flutter\buy_idea\assets\product\,C:\Eddi-T1\vue\frontend\src\assets\productImg\,hobby6_4.jpg,40
227,dfc2fdb5-9740-4272-b861-21896eaae5abhobby6_5.jpg,C:\Eddi-T1\flutter\buy_idea\assets\product\,C:\Eddi-T1\vue\frontend\src\assets\productImg\,hobby6_5.jpg,40
228,2cc44ac4-36e3-417c-ade5-35f68cd921dehobby7_1.jpg,C:\Eddi-T1\flutter\buy_idea\assets\product\,C:\Eddi-T1\vue\frontend\src\assets\productImg\,hobby7_1.jpg,41
229,276d5bd1-9436-4991-9cd9-aa8dab535b99hobby7_2.jpg,C:\Eddi-T1\flutter\buy_idea\assets\product\,C:\Eddi-T1\vue\frontend\src\assets\productImg\,hobby7_2.jpg,41
230,b9ab394f-82dc-4924-8029-b3f35a7eb787hobby7_3.jpg,C:\Eddi-T1\flutter\buy_idea\assets\product\,C:\Eddi-T1\vue\frontend\src\assets\productImg\,hobby7_3.jpg,41
231,93718bc1-710a-45fa-9072-2d4e5aa8395dhobby7_4.jpg,C:\Eddi-T1\flutter\buy_idea\assets\product\,C:\Eddi-T1\vue\frontend\src\assets\productImg\,hobby7_4.jpg,41
232,1bb8f8cc-40c9-4f70-b538-50a14c44d958hobby8_1.jpg,C:\Eddi-T1\flutter\buy_idea\assets\product\,C:\Eddi-T1\vue\frontend\src\assets\productImg\,hobby8_1.jpg,42
233,96f54ef1-5b78-4edd-836e-82e1b8383fd6hobby8_2.jpg,C:\Eddi-T1\flutter\buy_idea\assets\product\,C:\Eddi-T1\vue\frontend\src\assets\productImg\,hobby8_2.jpg,42
234,ba1c5c0e-1936-4704-8530-3c73c41519fahobby8_3.jpg,C:\Eddi-T1\flutter\buy_idea\assets\product\,C:\Eddi-T1\vue\frontend\src\assets\productImg\,hobby8_3.jpg,42
235,be8130c5-8656-42c4-8a9f-335363acbd21hobby8_4.jpg,C:\Eddi-T1\flutter\buy_idea\assets\product\,C:\Eddi-T1\vue\frontend\src\assets\productImg\,hobby8_4.jpg,42
236,8d8bad15-053c-4470-844f-64caca33931ahobby9_1.jpg,C:\Eddi-T1\flutter\buy_idea\assets\product\,C:\Eddi-T1\vue\frontend\src\assets\productImg\,hobby9_1.jpg,43
237,548b7c66-021c-4743-99f0-67de9f47aa16hobby9_2.jpg,C:\Eddi-T1\flutter\buy_idea\assets\product\,C:\Eddi-T1\vue\frontend\src\assets\productImg\,hobby9_2.jpg,43
238,64ae20b2-75a8-4ffb-b961-44ba4e93a15bhobby9_3.jpg,C:\Eddi-T1\flutter\buy_idea\assets\product\,C:\Eddi-T1\vue\frontend\src\assets\productImg\,hobby9_3.jpg,43
239,179a73bc-a7ce-4274-972a-08ff30dc8f84hobby9_4.jpg,C:\Eddi-T1\flutter\buy_idea\assets\product\,C:\Eddi-T1\vue\frontend\src\assets\productImg\,hobby9_4.jpg,43
240,56580c9e-726b-4bf7-bde6-bcef62e0ffe6hobby10_1.jpg,C:\Eddi-T1\flutter\buy_idea\assets\product\,C:\Eddi-T1\vue\frontend\src\assets\productImg\,hobby10_1.jpg,44
241,8f6fabd8-c2ff-407f-a00b-8127c8a00a5chobby10_2.jpg,C:\Eddi-T1\flutter\buy_idea\assets\product\,C:\Eddi-T1\vue\frontend\src\assets\productImg\,hobby10_2.jpg,44
242,ebe489d7-353d-4bcf-9bf2-1369af923e17hobby10_3.jpg,C:\Eddi-T1\flutter\buy_idea\assets\product\,C:\Eddi-T1\vue\frontend\src\assets\productImg\,hobby10_3.jpg,44
243,6a162546-0240-44f8-902f-a7bb448a4721hobby10_4.jpg,C:\Eddi-T1\flutter\buy_idea\assets\product\,C:\Eddi-T1\vue\frontend\src\assets\productImg\,hobby10_4.jpg,44
244,dabee375-8c53-4aa6-add4-60c78049f837hobby11_1.jpg,C:\Eddi-T1\flutter\buy_idea\assets\product\,C:\Eddi-T1\vue\frontend\src\assets\productImg\,hobby11_1.jpg,45
245,bffe1930-c944-4091-92c0-bc32b0576be0hobby11_2.jpg,C:\Eddi-T1\flutter\buy_idea\assets\product\,C:\Eddi-T1\vue\frontend\src\assets\productImg\,hobby11_2.jpg,45
246,f3dd6359-d918-47c4-890b-f727275d25d9hobby11_3.jpg,C:\Eddi-T1\flutter\buy_idea\assets\product\,C:\Eddi-T1\vue\frontend\src\assets\productImg\,hobby11_3.jpg,45
247,8b64dda6-4ee8-40b3-8caa-a80395d09057handmade_9_1.jpg,C:\Eddi-T1\flutter\buy_idea\assets\product\,C:\Eddi-T1\vue\frontend\src\assets\productImg\,handmade_9_1.jpg,46
248,0eb0406f-e7fe-4cef-8a70-9b83c6c7168ehandmade_9_2.jpg,C:\Eddi-T1\flutter\buy_idea\assets\product\,C:\Eddi-T1\vue\frontend\src\assets\productImg\,handmade_9_2.jpg,46
249,eae922b0-02fd-4c23-998c-a895d2c97d1fhandmade_9_3.jpg,C:\Eddi-T1\flutter\buy_idea\assets\product\,C:\Eddi-T1\vue\frontend\src\assets\productImg\,handmade_9_3.jpg,46
250,60cbaae9-596a-4df1-8fd0-9838c2d807abhandmade_9_4.jpg,C:\Eddi-T1\flutter\buy_idea\assets\product\,C:\Eddi-T1\vue\frontend\src\assets\productImg\,handmade_9_4.jpg,46
251,4e68f459-c0e7-492b-9fd9-0cb4c27f48bdhandmade_9_5.jpg,C:\Eddi-T1\flutter\buy_idea\assets\product\,C:\Eddi-T1\vue\frontend\src\assets\productImg\,handmade_9_5.jpg,46
252,8f359412-8d9d-4f9e-9e54-45edb53a7d79handmade_9_6.jpg,C:\Eddi-T1\flutter\buy_idea\assets\product\,C:\Eddi-T1\vue\frontend\src\assets\productImg\,handmade_9_6.jpg,46
253,c36d1179-e27c-46f2-b32e-c086beb5078ehandmade_10_1.jpg,C:\Eddi-T1\flutter\buy_idea\assets\product\,C:\Eddi-T1\vue\frontend\src\assets\productImg\,handmade_10_1.jpg,47
254,ebf1de7f-002f-4b08-b9d1-f2fb49ff0b1chandmade_10_2.jpg,C:\Eddi-T1\flutter\buy_idea\assets\product\,C:\Eddi-T1\vue\frontend\src\assets\productImg\,handmade_10_2.jpg,47
255,f6dbbabd-790f-4edb-a2f2-f1840904616dhandmade_10_3.jpg,C:\Eddi-T1\flutter\buy_idea\assets\product\,C:\Eddi-T1\vue\frontend\src\assets\productImg\,handmade_10_3.jpg,47
256,db279658-a473-4e32-a3d2-0e43daf42b54handmade_10_4.jpg,C:\Eddi-T1\flutter\buy_idea\assets\product\,C:\Eddi-T1\vue\frontend\src\assets\productImg\,handmade_10_4.jpg,47
257,240907a4-a619-4b3d-a4d6-57e5147e0c4dhandmade_10_5.jpg,C:\Eddi-T1\flutter\buy_idea\assets\product\,C:\Eddi-T1\vue\frontend\src\assets\productImg\,handmade_10_5.jpg,47
258,5f8af153-ac3f-406b-8547-c2ca368ce8f3handmade_11_1.jpg,C:\Eddi-T1\flutter\buy_idea\assets\product\,C:\Eddi-T1\vue\frontend\src\assets\productImg\,handmade_11_1.jpg,48
259,8a70737e-8dd1-4d09-8783-dfead13f463ehandmade_11_2.jpg,C:\Eddi-T1\flutter\buy_idea\assets\product\,C:\Eddi-T1\vue\frontend\src\assets\productImg\,handmade_11_2.jpg,48
260,c659a1ba-7baa-48b7-b6cb-102eca2e62c3handmade_11_3.jpg,C:\Eddi-T1\flutter\buy_idea\assets\product\,C:\Eddi-T1\vue\frontend\src\assets\productImg\,handmade_11_3.jpg,48
261,eb5deeb7-9bb5-4cc0-826c-b5f69dfc66bahandmade_11_4.jpg,C:\Eddi-T1\flutter\buy_idea\assets\product\,C:\Eddi-T1\vue\frontend\src\assets\productImg\,handmade_11_4.jpg,48
262,50c247ae-170b-49f3-9a95-2d796764c50bhandmade_11_5.jpg,C:\Eddi-T1\flutter\buy_idea\assets\product\,C:\Eddi-T1\vue\frontend\src\assets\productImg\,handmade_11_5.jpg,48
263,5975e27e-0f49-4d72-911e-37c26777beabhandmade_11_6.jpg,C:\Eddi-T1\flutter\buy_idea\assets\product\,C:\Eddi-T1\vue\frontend\src\assets\productImg\,handmade_11_6.jpg,48
264,e99abb56-f07d-45bf-a093-213430d7b03bhandmade_12_1.jpg,C:\Eddi-T1\flutter\buy_idea\assets\product\,C:\Eddi-T1\vue\frontend\src\assets\productImg\,handmade_12_1.jpg,49
265,d4a38e0c-419f-4b43-8f4d-c6bfdf83b96chandmade_12_2.jpg,C:\Eddi-T1\flutter\buy_idea\assets\product\,C:\Eddi-T1\vue\frontend\src\assets\productImg\,handmade_12_2.jpg,49
266,4121da7b-e17b-4f71-89be-04812bce2878handmade_12_3.jpg,C:\Eddi-T1\flutter\buy_idea\assets\product\,C:\Eddi-T1\vue\frontend\src\assets\productImg\,handmade_12_3.jpg,49
267,23629da0-6f0e-419e-969d-094862471556handmade_12_4.jpg,C:\Eddi-T1\flutter\buy_idea\assets\product\,C:\Eddi-T1\vue\frontend\src\assets\productImg\,handmade_12_4.jpg,49
268,6c88c07a-cfbb-46cc-aa87-739e37b04161handmade_12_5.jpg,C:\Eddi-T1\flutter\buy_idea\assets\product\,C:\Eddi-T1\vue\frontend\src\assets\productImg\,handmade_12_5.jpg,49
269,b4636eea-62a7-4f4b-af20-3666b87c6915handmade_12_6.jpg,C:\Eddi-T1\flutter\buy_idea\assets\product\,C:\Eddi-T1\vue\frontend\src\assets\productImg\,handmade_12_6.jpg,49
270,4ad563a1-b8c0-4e1d-b682-22c5a04911dchandmade_12_7.jpg,C:\Eddi-T1\flutter\buy_idea\assets\product\,C:\Eddi-T1\vue\frontend\src\assets\productImg\,handmade_12_7.jpg,49
271,ccf3348e-bb08-47be-8258-69a8db2288a3knowhow1_1.jpg,C:\Eddi-T1\flutter\buy_idea\assets\product\,C:\Eddi-T1\vue\frontend\src\assets\productImg\,knowhow1_1.jpg,50
272,b39e62d8-5aed-4d77-bd54-120030789884knowhow1_2.jpg,C:\Eddi-T1\flutter\buy_idea\assets\product\,C:\Eddi-T1\vue\frontend\src\assets\productImg\,knowhow1_2.jpg,50
273,b199bd15-17b1-4629-94f1-7a030c6e6b2aknowhow1_3.jpg,C:\Eddi-T1\flutter\buy_idea\assets\product\,C:\Eddi-T1\vue\frontend\src\assets\productImg\,knowhow1_3.jpg,50
