product_no,nickname,price,title
1,쿤,26000,선물추천♡볼통통한 토끼 볼토 키링
2,쿤,36000,⭐️2주소요⭐️ 뜨개 호보백 (blue colors)
3,쿤,9300,🍒하트체리키링
4,쿤,15900,본연의 맛 알맹이만 자몽청 에이드 저칼로리 캠핑 홈
5,쿤,66000,강남구 서초구 영유 초저 레테 팁 상담
6,쿤,25000,엑셀핸드북의 엑셀의 모든 것
7,쿤,599000,계좌공개 실전매매 스켈핑 방법!
8,쿤,1990000,애드센스 누적수익 2억5천만 마케터의 오토수익방법 제공
9,쿤,16500,종이 위로 떠나는 오일파스텔 여행 드로잉
10,쿤,56500,니들펠트로 고양이 발바닥 키링 만들기
11,쿤,70000,꽃처럼 예쁜데 쫀득한 식감까지! 투명찹쌀떡 화과자 만들기
12,쿤,38000,직접 만드는 겉바속촉 '휘낭시에' 베이킹 원데이 클래스
13,ANNAsSHOP,8300,1+1🧸꼬마곰 석고방향제(차량용/탁상용)
14,ANNAsSHOP,9900,빈티지 테이프 녹음카드📼커플 생일 축하카드 편지지
15,ANNAsSHOP,1900,아르떼 수제비누 11가지 모음전 CP 세안 비누
16,ANNAsSHOP,10100,🐰🐻 볼터치 토끼/곰돌이 케이스+키링세트
17,ANNAsSHOP,19500,[당일출고] 커플 터치 장갑🧤 크리스마스 연말선물
18,ANNAsSHOP,26000,다알리아꽃풍선💐졸업식꽃다발부모님생일 생신환갑 반전용돈
19,ANNAsSHOP,23500,🌲하우올리 포레스트캔들 우드트레이세트🌲
20,ANNAsSHOP,5900,<Buydia 단독판매> 탄생화팔찌🌸소원팔찌🌸꽃팔찌
21,ANNAsSHOP,9800,🌈 [1+1 대용량] 아르비앙 거품+탄산 배쓰밤 🌈
22,ANNAsSHOP,5300,🎂내맘대로 미니HBD세트🎂 강아지 생일파티 도시락
